<?xml version="1.0" encoding="UTF-8"?>
<project version="4">
  <component name="ChangeListManager">
    <list default="true" id="cd45f042-85f1-47ef-a234-2814b9bcb26f" name="Changes" comment="" />
    <option name="SHOW_DIALOG" value="false" />
    <option name="HIGHLIGHT_CONFLICTS" value="true" />
    <option name="HIGHLIGHT_NON_ACTIVE_CHANGELIST" value="false" />
    <option name="LAST_RESOLUTION" value="IGNORE" />
  </component>
  <component name="ProjectColorInfo"><![CDATA[{
  "associatedIndex": 4
}]]></component>
  <component name="ProjectId" id="31IOgnw9EEn6J1uMpIcbzKQSaCr" />
  <component name="ProjectViewState">
    <option name="hideEmptyMiddlePackages" value="true" />
    <option name="showLibraryContents" value="true" />
  </component>
  <component name="PropertiesComponent"><![CDATA[{
  "keyToString": {
    "ModuleVcsDetector.initialDetectionPerformed": "true",
    "RunOnceActivity.ShowReadmeOnStart": "true",
    "last_opened_file_path": "C:/Users/RAYAISSE MAMADI/Desktop/JAVADOC/MonPremierProjects"
  }
}]]></component>
  <component name="TaskManager">
    <task active="true" id="Default" summary="Default task">
      <changelist id="cd45f042-85f1-47ef-a234-2814b9bcb26f" name="Changes" comment="" />
      <created>1755208242626</created>
      <option name="number" value="Default" />
      <option name="presentableId" value="Default" />
      <updated>1755208242626</updated>
    </task>
    <servers />
  </component>
</project>